{"count":6,"results":[{"id":1,"name":"1 : Windows Binary","description":"This windows binary leaked from Internet.\r\nIt seems to be protected. Maybe you could reverse it ?","max_attempts":10,"value":100,"category":"Reverse engineering","type":"standard","state":"visible","requirements":null},{"id":2,"name":"2 : From web to server","description":"","max_attempts":3,"value":25,"category":"Web","type":"standard","state":"visible","requirements":null},{"id":3,"name":"3 : On the way to user","description":"","max_attempts":3,"value":15,"category":"Linux System","type":"standard","state":"visible","requirements":null},{"id":4,"name":"4 : I am GRoot","description":"","max_attempts":5,"value":200,"category":"Reverse engineering","type":"standard","state":"visible","requirements":null},{"id":5,"name":"5 : The end","description":"","max_attempts":5,"value":75,"category":"Cryptography","type":"standard","state":"visible","requirements":null},{"id":6,"name":"0 : Wallet for hints","description":"FLAG{072b030ba126b2f4b2374f342be9ed44}","max_attempts":1,"value":60,"category":"Intro","type":"standard","state":"visible","requirements":null}],"meta":{}}