{"count":6,"results":[{"id":1,"challenge_id":1,"type":"static","content":"FLAG{b5e03f9887c9ab0f732e2e00fb8c96d319f65512f59d737a16b6614ef9759c3c}","data":""},{"id":2,"challenge_id":2,"type":"static","content":"FLAG{0d4234ce179c5864d78864ecec335c1168d35b2ef14dbc55e189e36ab918f3eb}","data":""},{"id":3,"challenge_id":3,"type":"static","content":"FLAG{1a98fdb491c888ac709ee39d244647c6035ebc825550647d6c3177facedc7fb3}","data":""},{"id":4,"challenge_id":4,"type":"static","content":"FLAG{0f8c823442b0669e1224521885ad082820f0734b36043b6d169af6f797375faf}","data":""},{"id":5,"challenge_id":5,"type":"static","content":"FLAG{3c7c485b0e4926f89ba425c89e48438b62e981f6c2eb9588152070dc5af8dea6}","data":""},{"id":6,"challenge_id":6,"type":"static","content":"FLAG{072b030ba126b2f4b2374f342be9ed44}","data":""}],"meta":{}}