{"count":23,"results":[{"id":1,"type":"standard","challenge_id":1,"content":"Open your notepad.exe, start think and take notes!","cost":5,"requirements":null},{"id":2,"type":"standard","challenge_id":1,"content":"It seems that there is some protection like packing, anti debugging, etc.\nDo you know Themida ?","cost":5,"requirements":null},{"id":3,"type":"standard","challenge_id":1,"content":"Have you tried to dump process memory ?","cost":10,"requirements":null},{"id":4,"type":"standard","challenge_id":1,"content":"Ok! You seem to be stuck! Look at the UTF16LE strings in dump.","cost":15,"requirements":null},{"id":5,"type":"standard","challenge_id":1,"content":"base64","cost":10,"requirements":null},{"id":6,"type":"standard","challenge_id":2,"content":"directory-list-lowercase-2.3-big.txt is a good SecLists","cost":2,"requirements":null},{"id":7,"type":"standard","challenge_id":2,"content":"Look at /V/images/uploads/","cost":3,"requirements":null},{"id":8,"type":"standard","challenge_id":2,"content":"Not always in POST, look the arguments","cost":5,"requirements":null},{"id":9,"type":"standard","challenge_id":3,"content":"Grandma can only remember one password","cost":5,"requirements":null},{"id":10,"type":"standard","challenge_id":4,"content":"It is a remote ROP exploitation of a buffer overflow","cost":0,"requirements":null},{"id":11,"type":"standard","challenge_id":4,"content":"It seems that there is a ROT algorithm","cost":5,"requirements":null},{"id":12,"type":"standard","challenge_id":4,"content":"Try to understand fgets function","cost":10,"requirements":null},{"id":13,"type":"standard","challenge_id":4,"content":"Are the canary and PIE activated ?","cost":10,"requirements":null},{"id":14,"type":"standard","challenge_id":4,"content":"pip install pwn","cost":10,"requirements":null},{"id":15,"type":"standard","challenge_id":4,"content":"Gogo gadgeto ropper","cost":10,"requirements":null},{"id":16,"type":"standard","challenge_id":4,"content":"Try to find a write what where before continue","cost":10,"requirements":null},{"id":17,"type":"standard","challenge_id":4,"content":"bufferSize = 28","cost":20,"requirements":null},{"id":18,"type":"standard","challenge_id":4,"content":"You must have these values in registers :\neax = 0x0b for the Execve syscall\nebx= pointer on \\\"/bin/sh\\\"\necx = 0\nedx = 0\nint 0x80 for system interruption","cost":20,"requirements":null},{"id":19,"type":"standard","challenge_id":4,"content":"data_section = 0x080dc060","cost":25,"requirements":null},{"id":20,"type":"standard","challenge_id":1,"content":"Basic vulnerability on basic authentication form ... so simple","cost":10,"requirements":null},{"id":21,"type":"standard","challenge_id":5,"content":"Two of the people have made researches on the same algorithm","cost":15,"requirements":null},{"id":22,"type":"standard","challenge_id":5,"content":"The key is in the details ...","cost":10,"requirements":null},{"id":23,"type":"standard","challenge_id":5,"content":"Rivest is my father, and Latin is my secret","cost":20,"requirements":null}],"meta":{}}